{
    "@context": "https://w3id.org/ro/crate/1.1/context",
    "@graph": [
        {
            "@id": "./",
            "@type": "Dataset",
            "datePublished": "2024-09-09T08:36:30+00:00",
            "hasPart": [
                {
                    "@id": "data.jsonld"
                },
                {
                    "@id": "materialMLinfo.schema.json"
                }
            ]
        },
        {
            "@id": "ro-crate-metadata.json",
            "@type": "CreativeWork",
            "about": {
                "@id": "./"
            },
            "conformsTo": {
                "@id": "https://w3id.org/ro/crate/1.1"
            }
        },
        {
            "@id": "data.jsonld",
            "@type": "File",
            "encodingFormat": "text/json",
            "name": "molecule"
        },
        {
            "@id": "materialMLinfo.schema.json",
            "@type": "File",
            "encodingFormat": "text/json",
            "name": "schema"
        }
    ]
}